{
  "Logistic_Regression": 0.38280127174518797,
  "Random_Forest": 0.17909372703285573,
  "XGBoost": 0.21197673678398132
}