{
  "Logistic_Regression": 0.33167800312364837,
  "Random_Forest": 0.1361426286015897,
  "XGBoost": 0.25513753294944763
}