{
  "Logistic_Regression": 0.18662377679389308,
  "Random_Forest": 0.12046371302191744,
  "XGBoost": 0.38207343220710754
}